case,result,current_default_evidence,archived_evidence,disposition
STATIC_BUSY,PASS,"geometry_geo13_final_perf_fixed.log: route 1; 56/56 ready; 14 active; 1789/1789 assigned surfaces; 50108/50108 primitives; zero route/address/material-index failure; 12 CPU-fallback skinned surfaces and 47910 dynamic indexes","baseline_2026-07-23.csv STATIC_BUSY plus geometry_geo13_static_default.log and geometry_geo13_gi_bucket.log","Current production defaults and post-cache-fix executable are covered."
SKINNED_CROWD,PASS_WITH_RETAINED_FALLBACK,"geometry_geo13_final_perf_fixed.log: all 12 prepared-save skinned surfaces remain in the merged CPU-capture fallback; 47886 CPU-skinned indexes and 47910 total dynamic indexes are stable","geometry_geo180_auto.log: eight spawned Fatzombies; 20/20 live/shadow routes; 56730 triangles; zero thirteen-bucket failures; 170190 indexes admitted. geometry_geo185_auto.log and user portal traversal accept corrected identity refresh.","Per-instance GPU BLAS traversal is intentionally default off after repeated Vulkan update-BLAS resets. This is the documented Phase-E blocker, not a silent drop."
COMM1_AREA41,PASS_GEOMETRY_WARN_POST_SHUTDOWN,"geometry_geo13_final_comm1_visual.log: route 1 exact; 19 active / 76 resident / 76 ready; 2134/2134 assigned surfaces; 94088/94088 primitives; 110641 vertices; 282264 indexes; zero ten geometry failures; captured PT frame retains the brush shell","geometry_geo181_auto.log plus the user-accepted comm1 brush-motion visual pass","Both route 1 and route 0 reach idRenderSystem::Shutdown and then exit with Windows 0xC0000374. The identical route-zero result isolates this post-render shutdown defect from bucket routing."
LIFECYCLE_MEDKIT,PASS,"geometry_geo13_rigid.log and geometry_geo13_rigid_restored.log: current canonical rigid default, explicit rollback, and exact restoration","baseline lifecycle medkit matrix plus geometry_geo37: exact two-surface remove/re-add and zero-build reuse","Canonical rigid has an exact legacy fail-safe and completion-token retirement."
PORTAL_PDA_MAP_TRANSITIONS,PASS,"geometry_geo13_static_default.log and geometry_geo13_gi_bucket.log: production default portal sets vary with exact TLAS output; route 0/1 rollback/restoration succeeds; optics and GI remain accepted","geometry_geo177_auto Mars City to Alpha Labs reset; geometry_geo181_auto comm1 return; lifecycle PDA return; user repeated portal traversal","No current route/address/material identity failure."
SPAWN_DESPAWN_RESPAWN,PASS,"Current production retains the merged dynamic fallback and canonical rigid completion-token lifetime","geometry_geo177_auto: 12->15->1->2 live route sequence; map replacement; all consumer failure buckets zero; 12 replaced packages retire after token 12","No deletion removed the lifecycle owners used by this evidence."
GPU_FALLBACK,PASS_INTENTIONAL,"geometry_geo13_final_perf_fixed.log: skinnedRtCpu=12(47886i), dynamicIndexes=47910, stable across all 60 BLAS samples","geometry_geo185_auto: every live/shadow failure bucket zero before per-instance promotion was revoked","Merged CPU capture/dynamic BLAS is the required production fallback. Per-instance GPU traversal remains experimental and default off."
WIDE_UV_FALLBACK,NOT_APPLICABLE_FULL_FIDELITY,"UV and UV2 remain full-float in the canonical record, transport, GPU vertex ABI, and shaders","GEO-12_first_encoding_selection.txt: half UV explicitly deferred after nonzero measured error","No lossy UV encoding was promoted, so every wide-UV mesh already stays on full-fidelity storage. This matrix does not claim a nonexistent compressed-UV route."
BEYOND_OLD_CAP_STRESS,PASS_STATIC_AND_BUDGET_RECOVERY,"geometry_geo13_final_comm1_visual.log: full resident pack admits 282264 static indexes, exceeding the former 196608 static-index ceiling, with 76/76 bucket coverage and zero invalid/overflow/drop result","geometry_geo13_dynamic.log and geometry_geo13_static.log: forced-low byte/surface policies reject only by the named reason and restored unlimited policy exactly recovers all content","Mandatory admission is checked and recoverable; old constants have no live admission consumer."
